People,Area
"{'Brown', '1-uuid'},","{'London', '1-uuid'},"
"{'Wilson', '2-uuid'},","{'Birmingham', '2-uuid'},"
"{'Stewart', '3-uuid'},","{'Portsmouth', '3-uuid'},"
"{'Thomson', '1-uuid'},","{'Southampton', '1-uuid'},"
"{'Campbell', '2-uuid'},","{'Nottingham', '2-uuid'},"
"{'Robertson', '3-uuid'},","{'Bristol', '3-uuid'},"
"{'Anderson', '1-uuid'},","{'Manchester', '1-uuid'},"
"{'Scott', '2-uuid'},","{'Liverpool', '2-uuid'},"
"{'Thomas', '3-uuid'},","{'Leicester', '3-uuid'},"
"{'Son', '1-uuid'},","{'Worthing', '1-uuid'},"
"{'John', '2-uuid'},","{'Coventry', '2-uuid'},"
"{'Taylor', '3-uuid'},","{'Belfast', '3-uuid'},"
"{'Clark', '1-uuid'},","{'Bradford', '1-uuid'},"
"{'Young', '2-uuid'},","{'Derby', '2-uuid'},"
"{'Ross', '3-uuid'},","{'Plymouth', '3-uuid'},"
"{'David', '1-uuid'},","{'Westminster', '1-uuid'},"
"{'George', '2-uuid'},","{'Wolverhampton', '2-uuid'},"
"{'Mitchell', '3-uuid'},","{'Northampton', '3-uuid'},"
"{'Prince', '1-uuid'},","{'Norwich', '1-uuid'},"
"{'Paterson', '2-uuid'},","{'Luton', '2-uuid'},"
"{'Fraser', '3-uuid'},","{'Solihull', '3-uuid'},"
"{'Kerr', '1-uuid'},","{'Islington', '1-uuid'},"
"{'Miller', '2-uuid'},","{'Aberdeen', '2-uuid'},"
"{'Albert', '3-uuid'},","{'Croydon', '3-uuid'},"
"{'Hamilton', '1-uuid'},","{'Bournemouth', '1-uuid'},"
"{'Cameron', '2-uuid'},","{'Basildon', '2-uuid'},"
"{'Gray', '3-uuid'},","{'Maidstone', '3-uuid'},"
"{'Johnston', '1-uuid'},","{'Ilford', '1-uuid'},"
"{'Graham', '2-uuid'},","{'Warrington', '2-uuid'},"
"{'Davidson', '3-uuid'},","{'Oxford', '3-uuid'},"
"{'McDonald', '1-uuid'},","{'Harrow', '1-uuid'},"
"{'Henderson', '2-uuid'},","{'West Bromwich', '2-uuid'},"
"{'Martin', '3-uuid'},","{'Gloucester', '3-uuid'},"
"{'Grant', '1-uuid'},","{'York', '1-uuid'},"
"{'Bell', '2-uuid'},","{'Blackpool', '2-uuid'},"
"{'Hunter', '3-uuid'},","{'Stockport', '3-uuid'},"
"{'Ferguson', '1-uuid'},","{'Sale', '1-uuid'},"
"{'Kelly', '2-uuid'},","{'Tottenham', '2-uuid'},"
"{'Simpson', '3-uuid'},","{'Cambridge', '3-uuid'},"
"{'Allan', '1-uuid'},","{'Romford', '1-uuid'},"
"{'Black', '2-uuid'},","{'Colchester', '2-uuid'},"
"{'Mclean', '3-uuid'},","{'High Wycombe', '3-uuid'},"
"{'Macleod', '1-uuid'},","{'Gateshead', '1-uuid'},"
"{'Mackenzie', '2-uuid'},","{'Slough', '2-uuid'},"
"{'Wallace', '3-uuid'},","{'Blackburn', '3-uuid'},"
"{'Mackay', '1-uuid'},","{'Chelmsford', '1-uuid'},"
"{'Marshall', '2-uuid'},","{'Rochdale', '2-uuid'},"
"{'Gibson', '3-uuid'},","{'Rotherham', '3-uuid'},"
"{'Russell', '1-uuid'},","{'Walthamstow', '1-uuid'},"
,"{'Basingstoke', '2-uuid'},"
,"{'Salford', '3-uuid'},"
,"{'Hounslow', '1-uuid'},"
,"{'Wembley', '2-uuid'},"
,"{'Worcester', '3-uuid'},"
,"{'Hammersmith', '1-uuid'},"
,"{'Rayleigh', '2-uuid'},"
,"{'Hemel Hempstead', '3-uuid'},"
,"{'Bath', '1-uuid'},"
,"{'Hayes', '2-uuid'},"
,"{'Darlington', '3-uuid'},"
,"{'Hove', '1-uuid'},"
,"{'Hastings', '2-uuid'},"
,"{'Watford', '3-uuid'},"
,"{'Stevenage', '1-uuid'},"
,"{'Hartlepool', '2-uuid'},"
,"{'Chester', '3-uuid'},"
,"{'Fulham', '1-uuid'},"
,"{'Nuneaton', '2-uuid'},"
,"{'Ealing', '3-uuid'},"
,"{'Aylesbury', '1-uuid'},"
,"{'Edmonton', '2-uuid'},"
,"{'Saint Albans', '3-uuid'},"
,"{'Burnley', '1-uuid'},"
,"{'Batley', '2-uuid'},"
,"{'Scunthorpe', '3-uuid'},"
,"{'Dudley', '1-uuid'},"
,"{'Brixton', '2-uuid'},"
,"{'Southall', '3-uuid'},"
,"{'Paisley', '1-uuid'},"
,"{'Chatham', '2-uuid'},"
,"{'East Ham', '3-uuid'},"
,"{'Weston-super-Mare', '1-uuid'},"
,"{'Carlisle', '2-uuid'},"
,"{'South Shields', '3-uuid'},"
,"{'East Kilbride', '1-uuid'},"
,"{'Burton upon Trent', '2-uuid'},"
,"{'Harrogate', '3-uuid'},"
,"{'Crewe', '1-uuid'},"
,"{'Lowestoft', '2-uuid'},"
,"{'Rugby', '3-uuid'},"
,"{'Chingford', '1-uuid'},"
,"{'Uxbridge', '2-uuid'},"
,"{'Walsall', '3-uuid'},"
,"{'Grays', '1-uuid'},"
,"{'Walton upon Thames', '2-uuid'},"
,"{'Thornton Heath', '3-uuid'},"
,"{'Finchley', '1-uuid'},"
,"{'Kensington', '2-uuid'},"
,"{'Boston', '3-uuid'},"
,"{'Paignton', '1-uuid'},"
,"{'Waterlooville', '2-uuid'},"
,"{'Guiseley', '3-uuid'},"
,"{'Hornchurch', '1-uuid'},"
,"{'Mitcham', '2-uuid'},"
,"{'Feltham', '3-uuid'},"
,"{'Stourbridge', '1-uuid'},"
,"{'Rochester', '2-uuid'},"
,"{'Dewsbury', '3-uuid'},"
,"{'Acton', '1-uuid'},"
,"{'Twickenham', '2-uuid'},"
,"{'Wrecsam', '3-uuid'},"
,"{'Ellesmere Port', '1-uuid'},"
,"{'Bangor', '2-uuid'},"
,"{'Taunton', '3-uuid'},"
,"{'Loughborough', '1-uuid'},"
,"{'Barking', '2-uuid'},"
,"{'Edgware', '3-uuid'},"
,"{'Littlehampton', '1-uuid'},"
,"{'Ruislip', '2-uuid'},"
,"{'Streatham', '3-uuid'},"
,"{'Royal Tunbridge Wells', '1-uuid'},"
,"{'Bebington', '2-uuid'},"
,"{'Macclesfield', '3-uuid'},"
,"{'Wellingborough', '1-uuid'},"
,"{'Kettering', '2-uuid'},"
,"{'Braintree', '3-uuid'},"
,"{'Royal Leamington Spa', '1-uuid'},"
,"{'Barrow in Furness', '2-uuid'},"
,"{'Dunfermline', '3-uuid'},"
,"{'Altrincham', '1-uuid'},"
,"{'Lancaster', '2-uuid'},"
,"{'Crosby', '3-uuid'},"
,"{'Bootle', '1-uuid'},"
,"{'Stratford', '2-uuid'},"
,"{'Folkestone', '3-uuid'},"
,"{'Cumbernauld', '1-uuid'},"
,"{'Andover', '2-uuid'},"
,"{'Neath', '3-uuid'},"
,"{'Rowley Regis', '1-uuid'},"
,"{'Scarborough', '2-uuid'},"
,"{'Leith', '3-uuid'},"
,"{'Yeovil', '1-uuid'},"
,"{'Eltham', '2-uuid'},"
,"{'Hampstead', '3-uuid'},"
,"{'Sutton in Ashfield', '1-uuid'},"
,"{'Morden', '2-uuid'},"
,"{'Barnet', '3-uuid'},"
,"{'Stretford', '1-uuid'},"
,"{'Beckenham', '2-uuid'},"
,"{'Greenford', '3-uuid'},"
,"{'Cheshunt', '1-uuid'},"
,"{'Kirkby', '2-uuid'},"
,"{'Salisbury', '3-uuid'},"
,"{'Ashton', '1-uuid'},"
,"{'Surbiton', '2-uuid'},"
,"{'Castleford', '3-uuid'},"
,"{'Catford', '1-uuid'},"
,"{'Worksop', '2-uuid'},"
,"{'Morley', '3-uuid'},"
,"{'Merthyr Tudful', '1-uuid'},"
,"{'Middleton', '2-uuid'},"
,"{'Fleet', '3-uuid'},"
,"{'Fareham', '1-uuid'},"
,"{'Urmston', '2-uuid'},"
,"{'Sutton', '3-uuid'},"
,"{'Caerphilly', '1-uuid'},"
,"{'Bridgwater', '2-uuid'},"
,"{'Newbury', '3-uuid'},"
,"{'Welling', '1-uuid'},"
,"{'Kingswood', '2-uuid'},"
,"{'Dunstable', '3-uuid'},"
,"{'Ramsgate', '1-uuid'},"
,"{'Strood', '2-uuid'},"
,"{'Cleethorpes', '3-uuid'},"
,"{'Pinner', '1-uuid'},"
,"{'Great Yarmouth', '2-uuid'},"
,"{'Ilkeston', '3-uuid'},"
,"{'Chorley', '1-uuid'},"
,"{'Herne Bay', '2-uuid'},"
,"{'Bishops Stortford', '3-uuid'},"
,"{'Arnold', '1-uuid'},"
,"{'Coalville', '2-uuid'},"
,"{'Bletchley', '3-uuid'},"
,"{'Leighton Buzzard', '1-uuid'},"
,"{'Airdrie', '2-uuid'},"
,"{'Blyth', '3-uuid'},"
,"{'Laindon', '1-uuid'},"
,"{'Llanelli', '2-uuid'},"
,"{'Beeston', '3-uuid'},"
,"{'Small Heath', '1-uuid'},"
,"{'Whitley Bay', '2-uuid'},"
,"{'Denton', '3-uuid'},"
,"{'West Bridgford', '1-uuid'},"
,"{'Borehamwood', '2-uuid'},"
,"{'Falkirk', '3-uuid'},"
,"{'Walkden', '1-uuid'},"
,"{'Kenton', '2-uuid'},"
,"{'Bridlington', '3-uuid'},"
,"{'Billingham', '1-uuid'},"
,"{'Grantham', '2-uuid'},"
,"{'North Shields', '3-uuid'},"
,"{'Hitchin', '1-uuid'},"
,"{'Spalding', '2-uuid'},"
,"{'Rainham', '3-uuid'},"
,"{'Letchworth', '1-uuid'},"
,"{'Wickford', '2-uuid'},"
,"{'Huyton', '3-uuid'},"
,"{'Abingdon', '1-uuid'},"
,"{'Trowbridge', '2-uuid'},"
,"{'Wigston Magna', '3-uuid'},"
,"{'Didcot', '1-uuid'},"
,"{'Earley', '2-uuid'},"
,"{'Bexleyheath', '3-uuid'},"
,"{'Ecclesfield', '1-uuid'},"
,"{'Darwen', '2-uuid'},"
,"{'Prestwich', '3-uuid'},"
,"{'Pontypridd', '1-uuid'},"
,"{'Rutherglen', '2-uuid'},"
,"{'Dover', '3-uuid'},"
,"{'Chichester', '1-uuid'},"
,"{'Deal', '2-uuid'},"
,"{'Bicester', '3-uuid'},"
,"{'Northolt', '1-uuid'},"
,"{'Wishaw', '2-uuid'},"
,"{'Carshalton', '3-uuid'},"
,"{'Bulwell', '1-uuid'},"
,"{'Newtownards', '2-uuid'},"
,"{'Kendal', '3-uuid'},"
,"{'Cramlington', '1-uuid'},"
,"{'Bromsgrove', '2-uuid'},"
,"{'Pont-y-p≈µl', '3-uuid'},"
,"{'Hanwell', '1-uuid'},"
,"{'Frome', '2-uuid'},"
,"{'Wood Green', '3-uuid'},"
,"{'Darlaston', '1-uuid'},"
,"{'Ashington', '2-uuid'},"
,"{'Longton', '3-uuid'},"
,"{'Melton Mowbray', '1-uuid'},"
,"{'Aldridge', '2-uuid'},"
,"{'Farnworth', '3-uuid'},"
,"{'Highbury', '1-uuid'},"
,"{'Cheadle Hulme', '2-uuid'},"
,"{'Newton Aycliffe', '3-uuid'},"
,"{'Bournville', '1-uuid'},"
,"{'Shenley Brook End', '2-uuid'},"
,"{'Consett', '3-uuid'},"
,"{'Coulsdon', '1-uuid'},"
,"{'Bilston', '2-uuid'},"
,"{'Wellington', '3-uuid'},"
,"{'Bishop Auckland', '1-uuid'},"
,"{'Longbridge', '2-uuid'},"
,"{'Bloxwich', '3-uuid'},"
,"{'Upminster', '1-uuid'},"
,"{'Rhyl', '2-uuid'},"
,"{'Droitwich', '3-uuid'},"
,"{'Hindley', '1-uuid'},"
,"{'Westhoughton', '2-uuid'},"
,"{'Broadstairs', '3-uuid'},"
